dept,beds,pred_patients,served,shortage,naive_shortage,improvement
G&A Paediatric,6168.0,4357.333333333333,4357.333403149519,0.0,58.000000000000036,58.000000000000036
Critical Care Adult,4117.0,3355.3333333333335,3344.000051383693,11.333333321142483,88.33333333333336,77.00000001219087
G&A Adult,96723.0,92111.66666666667,91945.33342867883,166.33333287760576,1020.3333333333337,854.000000455728
